Workbook

Sheet Petunjuk
A1: SIMULASI DATA KUESIONER TAM - CHATBOT MODERASI TELEGRAM
A3: Catatan penting: workbook ini berisi DATA DUMMY/SIMULASI untuk latihan perhitungan dan penyusunan tabel Bab 4. Data pada workbook ini tidak boleh diklaim sebagai data hasil kuesioner asli.
A7: Konstruk | B7: Jumlah Indikator
A8: Perceived Usefulness (PU) | B8: 5
A9: Perceived Ease of Use (PEOU) | B9: 5
A10: User Acceptance (UA) | B10: 3
A12: Target responden simulasi | B12: 25
A13: Target kategori | B13: Sangat Setuju
A15: Rentang Nilai | B15: Kategori
A16: 1,00 - 1,80 | B16: Sangat Tidak Setuju
A17: 1,81 - 2,60 | B17: Tidak Setuju
A18: 2,61 - 3,40 | B18: Netral
A19: 3,41 - 4,20 | B19: Setuju
A20: 4,21 - 5,00 | B20: Sangat Setuju

Sheet Data_Simulasi
A1: No | B1: Responden | C1: Grup | D1: Jenis Kelamin | E1: Usia | F1: Frekuensi Aktif | G1: PU1 | H1: PU2 | I1: PU3 | J1: PU4 | K1: PU5 | L1: PEOU1 | M1: PEOU2 | N1: PEOU3 | O1: PEOU4 | P1: PEOU5 | Q1: UA1 | R1: UA2 | S1: UA3 | T1: Rata-rata PU | U1: Rata-rata PEOU | V1: Rata-rata UA | W1: Rata-rata TAM | X1: Kategori TAM
A2: 1 | B2: R01 | C2: Grup 1 | D2: Laki-laki | E2: 20-25 tahun | F2: Cukup sering | G2: 4 | H2: 4 | I2: 4 | J2: 4 | K2: 5 | L2: 4 | M2: 4 | N2: 4 | O2: 4 | P2: 4 | Q2: 4 | R2: 4 | S2: 4 | T2: =AVERAGE(G2:K2) -> 4.2 | U2: =AVERAGE(L2:P2) -> 4 | V2: =AVERAGE(Q2:S2) -> 4 | W2: =AVERAGE(T2:V2) -> 4.0666667 | X2: =IF(W2>=4.21,"Sangat Setuju",IF(W2>=3.41,"Setuju",IF(W2>=2.61,"Netral",IF(W2>=1.81,"Tidak Setuju","Sangat Tidak Setuju")))) -> Setuju
A3: 2 | B3: R02 | C3: Grup 1 | D3: Laki-laki | E3: 20-25 tahun | F3: Sangat sering | G3: 5 | H3: 5 | I3: 4 | J3: 4 | K3: 5 | L3: 5 | M3: 5 | N3: 5 | O3: 4 | P3: 5 | Q3: 5 | R3: 5 | S3: 5 | T3: =AVERAGE(G3:K3) -> 4.6 | U3: =AVERAGE(L3:P3) -> 4.8 | V3: =AVERAGE(Q3:S3) -> 5 | W3: =AVERAGE(T3:V3) -> 4.8 | X3: =IF(W3>=4.21,"Sangat Setuju",IF(W3>=3.41,"Setuju",IF(W3>=2.61,"Netral",IF(W3>=1.81,"Tidak Setuju","Sangat Tidak Setuju")))) -> Sangat Setuju
A4: 3 | B4: R03 | C4: Grup 1 | D4: Laki-laki | E4: 20-25 tahun | F4: Sering | G4: 4 | H4: 5 | I4: 4 | J4: 5 | K4: 5 | L4: 4 | M4: 5 | N4: 4 | O4: 5 | P4: 4 | Q4: 5 | R4: 5 | S4: 5 | T4: =AVERAGE(G4:K4) -> 4.6 | U4: =AVERAGE(L4:P4) -> 4.4 | V4: =AVERAGE(Q4:S4) -> 5 | W4: =AVERAGE(T4:V4) -> 4.6666667 | X4: =IF(W4>=4.21,"Sangat Setuju",IF(W4>=3.41,"Setuju",IF(W4>=2.61,"Netral",IF(W4>=1.81,"Tidak Setuju","Sangat Tidak Setuju")))) -> Sangat Setuju
A5: 4 | B5: R04 | C5: Grup 1 | D5: Laki-laki | E5: 20-25 tahun | F5: Cukup sering | G5: 4 | H5: 5 | I5: 5 | J5: 4 | K5: 5 | L5: 5 | M5: 5 | N5: 4 | O5: 5 | P5: 5 | Q5: 5 | R5: 5 | S5: 5 | T5: =AVERAGE(G5:K5) -> 4.6 | U5: =AVERAGE(L5:P5) -> 4.8 | V5: =AVERAGE(Q5:S5) -> 5 | W5: =AVERAGE(T5:V5) -> 4.8 | X5: =IF(W5>=4.21,"Sangat Setuju",IF(W5>=3.41,"Setuju",IF(W5>=2.61,"Netral",IF(W5>=1.81,"Tidak Setuju","Sangat Tidak Setuju")))) -> Sangat Setuju
A6: 5 | B6: R05 | C6: Grup 1 | D6: Laki-laki | E6: 20-25 tahun | F6: Sering | G6: 3 | H6: 4 | I6: 4 | J6: 4 | K6: 4 | L6: 4 | M6: 5 | N6: 5 | O6: 5 | P6: 5 | Q6: 5 | R6: 4 | S6: 4 | T6: =AVERAGE(G6:K6) -> 3.8 | U6: =AVERAGE(L6:P6) -> 4.8 | V6: =AVERAGE(Q6:S6) -> 4.3333333 | W6: =AVERAGE(T6:V6) -> 4.3111111 | X6: =IF(W6>=4.21,"Sangat Setuju",IF(W6>=3.41,"Setuju",IF(W6>=2.61,"Netral",IF(W6>=1.81,"Tidak Setuju","Sangat Tidak Setuju")))) -> Sangat Setuju
A7: 6 | B7: R06 | C7: Grup 2 | D7: Laki-laki | E7: 20-25 tahun | F7: Sering | G7: 4 | H7: 4 | I7: 4 | J7: 5 | K7: 5 | L7: 4 | M7: 4 | N7: 4 | O7: 5 | P7: 4 | Q7: 5 | R7: 3 | S7: 5 | T7: =AVERAGE(G7:K7) -> 4.4 | U7: =AVERAGE(L7:P7) -> 4.2 | V7: =AVERAGE(Q7:S7) -> 4.3333333 | W7: =AVERAGE(T7:V7) -> 4.3111111 | X7: =IF(W7>=4.21,"Sangat Setuju",IF(W7>=3.41,"Setuju",IF(W7>=2.61,"Netral",IF(W7>=1.81,"Tidak Setuju","Sangat Tidak Setuju")))) -> Sangat Setuju
A8: 7 | B8: R25 | C8: Grup 5 | D8: Perempuan | E8: 20-25 tahun | F8: Cukup sering | G8: 5 | H8: 5 | I8: 4 | J8: 5 | K8: 5 | L8: 5 | M8: 4 | N8: 5 | O8: 4 | P8: 5 | Q8: 4 | R8: 5 | S8: 5 | T8: =AVERAGE(G8:K8) -> 4.8 | U8: =AVERAGE(L8:P8) -> 4.6 | V8: =AVERAGE(Q8:S8) -> 4.6666667 | W8: =AVERAGE(T8:V8) -> 4.6888889 | X8: =IF(W8>=4.21,"Sangat Setuju",IF(W8>=3.41,"Setuju",IF(W8>=2.61,"Netral",IF(W8>=1.81,"Tidak Setuju","Sangat Tidak Setuju")))) -> Sangat Setuju
A9: 8 | B9: R08 | C9: Grup 2 | D9: Laki-laki | E9: 20-25 tahun | F9: Sangat sering | G9: 4 | H9: 5 | I9: 5 | J9: 5 | K9: 5 | L9: 4 | M9: 4 | N9: 3 | O9: 4 | P9: 4 | Q9: 5 | R9: 4 | S9: 4 | T9: =AVERAGE(G9:K9) -> 4.8 | U9: =AVERAGE(L9:P9) -> 3.8 | V9: =AVERAGE(Q9:S9) -> 4.3333333 | W9: =AVERAGE(T9:V9) -> 4.3111111 | X9: =IF(W9>=4.21,"Sangat Setuju",IF(W9>=3.41,"Setuju",IF(W9>=2.61,"Netral",IF(W9>=1.81,"Tidak Setuju","Sangat Tidak Setuju")))) -> Sangat Setuju
A10: 9 | B10: R09 | C10: Grup 2 | D10: Laki-laki | E10: 20-25 tahun | F10: Sangat sering | G10: 5 | H10: 4 | I10: 4 | J10: 4 | K10: 4 | L10: 5 | M10: 5 | N10: 5 | O10: 4 | P10: 4 | Q10: 4 | R10: 5 | S10: 5 | T10: =AVERAGE(G10:K10) -> 4.2 | U10: =AVERAGE(L10:P10) -> 4.6 | V10: =AVERAGE(Q10:S10) -> 4.6666667 | W10: =AVERAGE(T10:V10) -> 4.4888889 | X10: =IF(W10>=4.21,"Sangat Setuju",IF(W10>=3.41,"Setuju",IF(W10>=2.61,"Netral",IF(W10>=1.81,"Tidak Setuju","Sangat Tidak Setuju")))) -> Sangat Setuju
A11: 10 | B11: R10 | C11: Grup 2 | D11: Laki-laki | E11: 20-25 tahun | F11: Sangat sering | G11: 5 | H11: 5 | I11: 5 | J11: 4 | K11: 4 | L11: 5 | M11: 5 | N11: 5 | O11: 5 | P11: 4 | Q11: 5 | R11: 5 | S11: 5 | T11: =AVERAGE(G11:K11) -> 4.6 | U11: =AVERAGE(L11:P11) -> 4.8 | V11: =AVERAGE(Q11:S11) -> 5 | W11: =AVERAGE(T11:V11) -> 4.8 | X11: =IF(W11>=4.21,"Sangat Setuju",IF(W11>=3.41,"Setuju",IF(W11>=2.61,"Netral",IF(W11>=1.81,"Tidak Setuju","Sangat Tidak Setuju")))) -> Sangat Setuju
A12: 11 | B12: R11 | C12: Grup 3 | D12: Laki-laki | E12: 20-25 tahun | F12: Sering | G12: 5 | H12: 4 | I12: 5 | J12: 4 | K12: 4 | L12: 5 | M12: 5 | N12: 5 | O12: 4 | P12: 4 | Q12: 5 | R12: 4 | S12: 5 | T12: =AVERAGE(G12:K12) -> 4.4 | U12: =AVERAGE(L12:P12) -> 4.6 | V12: =AVERAGE(Q12:S12) -> 4.6666667 | W12: =AVERAGE(T12:V12) -> 4.5555556 | X12: =IF(W12>=4.21,"Sangat Setuju",IF(W12>=3.41,"Setuju",IF(W12>=2.61,"Netral",IF(W12>=1.81,"Tidak Setuju","Sangat Tidak Setuju")))) -> Sangat Setuju
A13: 12 | B13: R12 | C13: Grup 3 | D13: Laki-laki | E13: 20-25 tahun | F13: Cukup sering | G13: 4 | H13: 5 | I13: 5 | J13: 5 | K13: 5 | L13: 5 | M13: 4 | N13: 5 | O13: 5 | P13: 4 | Q13: 4 | R13: 5 | S13: 5 | T13: =AVERAGE(G13:K13) -> 4.8 | U13: =AVERAGE(L13:P13) -> 4.6 | V13: =AVERAGE(Q13:S13) -> 4.6666667 | W13: =AVERAGE(T13:V13) -> 4.6888889 | X13: =IF(W13>=4.21,"Sangat Setuju",IF(W13>=3.41,"Setuju",IF(W13>=2.61,"Netral",IF(W13>=1.81,"Tidak Setuju","Sangat Tidak Setuju")))) -> Sangat Setuju
... A26: 25 | B26: R07 | C26: Grup 2 | D26: Laki-laki | E26: 20-25 tahun | F26: Sering | G26: 4 | H26: 4 | I26: 4 | J26: 5 | K26: 4 | L26: 4 | M26: 4 | N26: 3 | O26: 4 | P26: 3 | Q26: 5 | R26: 4 | S26: 4 | T26: =AVERAGE(G26:K26) -> 4.2 | U26: =AVERAGE(L26:P26) -> 3.6 | V26: =AVERAGE(Q26:S26) -> 4.3333333 | W26: =AVERAGE(T26:V26) -> 4.0444444 | X26: =IF(W26>=4.21,"Sangat Setuju",IF(W26>=3.41,"Setuju",IF(W26>=2.61,"Netral",IF(W26>=1.81,"Tidak Setuju","Sangat Tidak Setuju")))) -> Setuju

Sheet Rekap_Indikator
A1: Konstruk | B1: Kode | C1: Total Skor | D1: Rata-rata | E1: Kategori
A2: PU | B2: PU1 | C2: =SUM(Data_Simulasi!G2:G26) -> 109 | D2: =C2/25 -> 4.36 | E2: =IF(D2>=4.21,"Sangat Setuju",IF(D2>=3.41,"Setuju",IF(D2>=2.61,"Netral",IF(D2>=1.81,"Tidak Setuju","Sangat Tidak Setuju")))) -> Sangat Setuju
A3: PU | B3: PU2 | C3: =SUM(Data_Simulasi!H2:H26) -> 113 | D3: =C3/25 -> 4.52 | E3: =IF(D3>=4.21,"Sangat Setuju",IF(D3>=3.41,"Setuju",IF(D3>=2.61,"Netral",IF(D3>=1.81,"Tidak Setuju","Sangat Tidak Setuju")))) -> Sangat Setuju
A4: PU | B4: PU3 | C4: =SUM(Data_Simulasi!I2:I26) -> 113 | D4: =C4/25 -> 4.52 | E4: =IF(D4>=4.21,"Sangat Setuju",IF(D4>=3.41,"Setuju",IF(D4>=2.61,"Netral",IF(D4>=1.81,"Tidak Setuju","Sangat Tidak Setuju")))) -> Sangat Setuju
A5: PU | B5: PU4 | C5: =SUM(Data_Simulasi!J2:J26) -> 109 | D5: =C5/25 -> 4.36 | E5: =IF(D5>=4.21,"Sangat Setuju",IF(D5>=3.41,"Setuju",IF(D5>=2.61,"Netral",IF(D5>=1.81,"Tidak Setuju","Sangat Tidak Setuju")))) -> Sangat Setuju
A6: PU | B6: PU5 | C6: =SUM(Data_Simulasi!K2:K26) -> 111 | D6: =C6/25 -> 4.44 | E6: =IF(D6>=4.21,"Sangat Setuju",IF(D6>=3.41,"Setuju",IF(D6>=2.61,"Netral",IF(D6>=1.81,"Tidak Setuju","Sangat Tidak Setuju")))) -> Sangat Setuju
A7: PEOU | B7: PEOU1 | C7: =SUM(Data_Simulasi!L2:L26) -> 113 | D7: =C7/25 -> 4.52 | E7: =IF(D7>=4.21,"Sangat Setuju",IF(D7>=3.41,"Setuju",IF(D7>=2.61,"Netral",IF(D7>=1.81,"Tidak Setuju","Sangat Tidak Setuju")))) -> Sangat Setuju
A8: PEOU | B8: PEOU2 | C8: =SUM(Data_Simulasi!M2:M26) -> 113 | D8: =C8/25 -> 4.52 | E8: =IF(D8>=4.21,"Sangat Setuju",IF(D8>=3.41,"Setuju",IF(D8>=2.61,"Netral",IF(D8>=1.81,"Tidak Setuju","Sangat Tidak Setuju")))) -> Sangat Setuju
A9: PEOU | B9: PEOU3 | C9: =SUM(Data_Simulasi!N2:N26) -> 107 | D9: =C9/25 -> 4.28 | E9: =IF(D9>=4.21,"Sangat Setuju",IF(D9>=3.41,"Setuju",IF(D9>=2.61,"Netral",IF(D9>=1.81,"Tidak Setuju","Sangat Tidak Setuju")))) -> Sangat Setuju
A10: PEOU | B10: PEOU4 | C10: =SUM(Data_Simulasi!O2:O26) -> 111 | D10: =C10/25 -> 4.44 | E10: =IF(D10>=4.21,"Sangat Setuju",IF(D10>=3.41,"Setuju",IF(D10>=2.61,"Netral",IF(D10>=1.81,"Tidak Setuju","Sangat Tidak Setuju")))) -> Sangat Setuju
A11: PEOU | B11: PEOU5 | C11: =SUM(Data_Simulasi!P2:P26) -> 112 | D11: =C11/25 -> 4.48 | E11: =IF(D11>=4.21,"Sangat Setuju",IF(D11>=3.41,"Setuju",IF(D11>=2.61,"Netral",IF(D11>=1.81,"Tidak Setuju","Sangat Tidak Setuju")))) -> Sangat Setuju
A12: UA | B12: UA1 | C12: =SUM(Data_Simulasi!Q2:Q26) -> 114 | D12: =C12/25 -> 4.56 | E12: =IF(D12>=4.21,"Sangat Setuju",IF(D12>=3.41,"Setuju",IF(D12>=2.61,"Netral",IF(D12>=1.81,"Tidak Setuju","Sangat Tidak Setuju")))) -> Sangat Setuju
A13: UA | B13: UA2 | C13: =SUM(Data_Simulasi!R2:R26) -> 113 | D13: =C13/25 -> 4.52 | E13: =IF(D13>=4.21,"Sangat Setuju",IF(D13>=3.41,"Setuju",IF(D13>=2.61,"Netral",IF(D13>=1.81,"Tidak Setuju","Sangat Tidak Setuju")))) -> Sangat Setuju
A14: UA | B14: UA3 | C14: =SUM(Data_Simulasi!S2:S26) -> 115 | D14: =C14/25 -> 4.6 | E14: =IF(D14>=4.21,"Sangat Setuju",IF(D14>=3.41,"Setuju",IF(D14>=2.61,"Netral",IF(D14>=1.81,"Tidak Setuju","Sangat Tidak Setuju")))) -> Sangat Setuju

Sheet Rekap_Konstruk
A1: REKAPITULASI HASIL SIMULASI KUESIONER TAM
A3: Ringkasan Responden | B3: Jumlah | C3: Persentase
A4: Laki-laki | B4: =COUNTIF(Data_Simulasi!D2:D26,"Laki-laki") -> 24 | C4: =B4/25 -> 0.96
A5: Perempuan | B5: =COUNTIF(Data_Simulasi!D2:D26,"Perempuan") -> 1 | C5: =B5/25 -> 0.04
A6: Usia 20-25 tahun | B6: =COUNTIF(Data_Simulasi!E2:E26,"20-25 tahun") -> 25 | C6: =B6/25 -> 1
A7: Total Responden | B7: =COUNTA(Data_Simulasi!B2:B26) -> 25 | C7: =B7/25 -> 1
A9: Konstruk | B9: Rata-rata | C9: Kategori | D9: Keterangan
A10: Perceived Usefulness (PU) | B10: =4.43999999999999 -> 4.44 | C10: =IF(B10>=4.21,"Sangat Setuju",IF(B10>=3.41,"Setuju",IF(B10>=2.61,"Netral",IF(B10>=1.81,"Tidak Setuju","Sangat Tidak Setuju")))) -> Sangat Setuju | D10: Manfaat sistem moderasi
A11: Perceived Ease of Use (PEOU) | B11: =4.448 -> 4.448 | C11: =IF(B11>=4.21,"Sangat Setuju",IF(B11>=3.41,"Setuju",IF(B11>=2.61,"Netral",IF(B11>=1.81,"Tidak Setuju","Sangat Tidak Setuju")))) -> Sangat Setuju | D11: Kemudahan sistem
A12: User Acceptance (UA) | B12: =4.56 -> 4.56 | C12: =IF(B12>=4.21,"Sangat Setuju",IF(B12>=3.41,"Setuju",IF(B12>=2.61,"Netral",IF(B12>=1.81,"Tidak Setuju","Sangat Tidak Setuju")))) -> Sangat Setuju | D12: Penerimaan sistem
A13: Rata-rata Keseluruhan TAM | B13: =4.48266666666666 -> 4.4826667 | C13: =IF(B13>=4.21,"Sangat Setuju",IF(B13>=3.41,"Setuju",IF(B13>=2.61,"Netral",IF(B13>=1.81,"Tidak Setuju","Sangat Tidak Setuju")))) -> Sangat Setuju | D13: Kesimpulan simulasi
